Year,Region,Crop_Type,Yield_ton_ha,Rainfall_mm,Fertilizer_Use_kg_ha,Market_Access_Index
2000,Amhara,Teff,2.76,1387.7,94.0,0.82
2000,Amhara,Wheat,3.5,1366.1,50.6,0.83
2000,Amhara,Maize,3.39,1292.3,88.6,0.85
2000,Amhara,Barley,3.5,1150.4,122.2,0.9
2000,Amhara,Sorghum,3.25,891.9,144.1,0.81
2000,Oromia,Teff,3.33,708.6,93.0,0.91
2000,Oromia,Wheat,3.07,1241.1,102.4,0.93
2000,Oromia,Maize,3.5,1114.6,106.2,0.84
2000,Oromia,Barley,2.24,1014.4,123.9,0.87
2000,Oromia,Sorghum,3.5,1495.6,114.1,0.91
2000,Tigray,Teff,1.77,736.1,58.0,0.54
2000,Tigray,Wheat,1.85,856.6,50.4,0.71
2000,Tigray,Maize,2.66,430.7,75.5,0.67
2000,Tigray,Barley,2.15,712.0,70.0,0.63
2000,Tigray,Sorghum,1.63,467.4,85.7,0.64
2000,Sidama,Teff,3.46,1487.4,106.6,0.82
2000,Sidama,Wheat,3.5,1027.0,132.0,0.62
2000,Sidama,Maize,3.5,1468.6,143.3,0.74
2000,Sidama,Barley,3.5,1673.0,159.7,0.63
2000,Sidama,Sorghum,3.5,1188.4,109.1,0.75
2000,Afar,Teff,1.0,368.5,22.0,0.31
2000,Afar,Wheat,1.56,323.3,32.3,0.54
2000,Afar,Maize,1.98,402.2,45.1,0.56
2000,Afar,Barley,1.75,277.4,60.3,0.59
2000,Afar,Sorghum,1.82,465.5,50.2,0.53
2000,South Ethiopia,Teff,3.5,1684.8,123.2,0.89
2000,South Ethiopia,Wheat,3.49,1342.8,97.9,0.66
2000,South Ethiopia,Maize,3.5,1231.9,115.4,0.85
2000,South Ethiopia,Barley,3.5,1356.1,144.2,0.63
2000,South Ethiopia,Sorghum,3.5,1467.8,151.7,0.84
2000,Central Ethiopia,Teff,3.5,1437.8,97.8,0.75
2000,Central Ethiopia,Wheat,2.95,1543.7,140.0,1.0
2000,Central Ethiopia,Maize,3.5,979.4,133.6,0.91
2000,Central Ethiopia,Barley,3.07,1211.7,110.0,0.76
2000,Central Ethiopia,Sorghum,3.5,1144.4,133.7,0.92
2000,South West Ethiopia,Teff,3.5,2375.7,193.9,0.52
2000,South West Ethiopia,Wheat,3.5,2396.3,150.9,0.77
2000,South West Ethiopia,Maize,3.5,2283.8,196.3,0.68
2000,South West Ethiopia,Barley,3.5,2346.3,136.3,0.63
2000,South West Ethiopia,Sorghum,3.5,1735.4,199.3,0.72
2001,Amhara,Teff,3.07,1226.2,82.9,0.8
2001,Amhara,Wheat,2.81,1398.5,139.2,0.95
2001,Amhara,Maize,3.5,1110.4,128.2,0.91
2001,Amhara,Barley,3.23,1379.8,94.9,0.96
2001,Amhara,Sorghum,3.5,979.5,52.6,0.89
2001,Oromia,Teff,2.56,1221.4,145.3,0.97
2001,Oromia,Wheat,2.7,1006.8,152.3,0.9
2001,Oromia,Maize,3.5,1303.7,61.6,0.87
2001,Oromia,Barley,3.14,1220.9,139.3,0.78
2001,Oromia,Sorghum,3.5,1128.1,61.6,0.75
2001,Tigray,Teff,1.62,414.2,66.1,0.58
2001,Tigray,Wheat,3.06,898.2,93.4,0.57
2001,Tigray,Maize,2.41,419.5,75.3,0.58
2001,Tigray,Barley,2.7,770.9,94.3,0.78
2001,Tigray,Sorghum,1.95,898.3,99.1,0.58
2001,Sidama,Teff,3.5,1479.7,130.2,0.69
2001,Sidama,Wheat,3.5,1262.8,105.5,0.77
2001,Sidama,Maize,3.5,1560.1,166.0,0.66
2001,Sidama,Barley,3.5,1148.5,74.2,0.73
2001,Sidama,Sorghum,3.5,1709.0,129.8,0.79
2001,Afar,Teff,1.66,252.2,68.4,0.59
2001,Afar,Wheat,1.01,409.0,28.9,0.5
2001,Afar,Maize,2.12,227.6,61.9,0.41
2001,Afar,Barley,1.34,340.2,69.1,0.53
2001,Afar,Sorghum,1.61,543.5,73.0,0.52
2001,South Ethiopia,Teff,3.5,1623.5,162.0,0.76
2001,South Ethiopia,Wheat,3.5,1420.9,131.3,0.61
2001,South Ethiopia,Maize,3.5,1484.0,133.8,0.76
2001,South Ethiopia,Barley,3.5,1716.6,132.9,0.62
2001,South Ethiopia,Sorghum,3.5,1923.9,116.8,0.78
2001,Central Ethiopia,Teff,2.93,1353.1,80.2,0.96
2001,Central Ethiopia,Wheat,3.33,1566.4,132.5,0.74
2001,Central Ethiopia,Maize,3.5,1435.9,104.2,0.79
2001,Central Ethiopia,Barley,2.22,1212.1,71.3,0.93
2001,Central Ethiopia,Sorghum,3.25,1239.2,93.0,0.74
2001,South West Ethiopia,Teff,3.5,2267.5,83.4,0.76
2001,South West Ethiopia,Wheat,3.5,1690.9,156.3,0.64
2001,South West Ethiopia,Maize,3.5,1531.1,155.8,0.79
2001,South West Ethiopia,Barley,3.5,2322.2,131.1,0.58
2001,South West Ethiopia,Sorghum,3.5,2313.0,186.7,0.69
2002,Amhara,Teff,3.42,867.0,98.5,0.92
2002,Amhara,Wheat,2.05,997.6,90.8,0.84
2002,Amhara,Maize,2.69,931.5,141.9,0.96
2002,Amhara,Barley,2.79,1000.3,105.6,0.97
2002,Amhara,Sorghum,3.19,1067.1,89.3,0.8
2002,Oromia,Teff,3.45,1430.1,81.8,0.75
2002,Oromia,Wheat,3.19,844.0,61.1,0.97
2002,Oromia,Maize,3.5,704.1,126.0,0.96
2002,Oromia,Barley,3.3,1091.5,125.1,0.82
2002,Oromia,Sorghum,2.58,852.9,102.5,0.96
2002,Tigray,Teff,1.59,846.4,63.5,0.69
2002,Tigray,Wheat,1.48,558.1,77.6,0.63
2002,Tigray,Maize,3.5,856.8,81.1,0.52
2002,Tigray,Barley,1.35,585.1,93.5,0.54
2002,Tigray,Sorghum,2.46,503.6,96.4,0.79
2002,Sidama,Teff,3.5,1268.0,112.8,0.6
2002,Sidama,Wheat,3.43,1610.8,165.0,0.69
2002,Sidama,Maize,3.5,1687.0,122.8,0.61
2002,Sidama,Barley,3.5,1575.1,118.1,0.77
2002,Sidama,Sorghum,3.5,1519.8,87.2,0.7
2002,Afar,Teff,1.0,398.8,31.5,0.4
2002,Afar,Wheat,1.8,538.7,37.5,0.56
2002,Afar,Maize,2.53,529.5,74.2,0.49
2002,Afar,Barley,1.05,411.5,47.7,0.34
2002,Afar,Sorghum,1.96,274.3,77.4,0.52
2002,South Ethiopia,Teff,3.01,1486.5,84.9,0.68
2002,South Ethiopia,Wheat,3.5,1644.1,121.0,0.75
2002,South Ethiopia,Maize,3.5,1586.2,128.3,0.73
2002,South Ethiopia,Barley,3.5,1235.7,138.9,0.74
2002,South Ethiopia,Sorghum,3.5,1685.5,159.7,0.8
2002,Central Ethiopia,Teff,2.89,1204.5,127.2,0.8
2002,Central Ethiopia,Wheat,2.34,946.8,87.5,0.88
2002,Central Ethiopia,Maize,2.89,1146.1,96.9,0.72
2002,Central Ethiopia,Barley,3.23,1139.9,66.6,0.88
2002,Central Ethiopia,Sorghum,3.2,1296.6,121.6,0.71
2002,South West Ethiopia,Teff,3.5,1927.3,182.0,0.62
2002,South West Ethiopia,Wheat,3.5,1924.1,99.6,0.65
2002,South West Ethiopia,Maize,3.5,2166.4,86.3,0.54
2002,South West Ethiopia,Barley,3.5,1531.7,165.9,0.52
2002,South West Ethiopia,Sorghum,3.5,2350.8,152.3,0.71
2003,Amhara,Teff,2.72,1307.0,113.5,0.72
2003,Amhara,Wheat,3.45,808.4,125.2,0.87
2003,Amhara,Maize,3.5,807.9,65.9,0.81
2003,Amhara,Barley,3.41,1377.4,128.4,0.74
2003,Amhara,Sorghum,3.07,1052.9,96.8,0.75
2003,Oromia,Teff,2.14,844.4,134.1,0.87
2003,Oromia,Wheat,3.5,1492.6,84.1,0.87
2003,Oromia,Maize,3.5,952.9,142.0,0.71
2003,Oromia,Barley,3.41,818.1,140.1,0.92
2003,Oromia,Sorghum,2.96,792.4,120.3,0.87
2003,Tigray,Teff,2.1,621.8,73.5,0.72
2003,Tigray,Wheat,1.99,448.8,52.0,0.62
2003,Tigray,Maize,2.39,614.8,77.9,0.72
2003,Tigray,Barley,2.89,896.6,44.6,0.75
2003,Tigray,Sorghum,2.61,689.4,45.1,0.5
2003,Sidama,Teff,3.28,1397.3,111.8,0.73
2003,Sidama,Wheat,3.5,1505.0,164.0,0.89
2003,Sidama,Maize,3.5,1472.9,90.9,0.7
2003,Sidama,Barley,3.5,1572.5,150.7,0.74
2003,Sidama,Sorghum,3.5,1260.3,159.5,0.76
2003,Afar,Teff,1.13,594.9,21.0,0.48
2003,Afar,Wheat,1.91,423.5,27.9,0.54
2003,Afar,Maize,1.23,303.5,31.7,0.57
2003,Afar,Barley,1.64,417.9,56.8,0.37
2003,Afar,Sorghum,1.23,366.8,38.2,0.55
2003,South Ethiopia,Teff,3.5,1324.2,159.4,0.63
2003,South Ethiopia,Wheat,3.5,1230.8,173.1,0.64
2003,South Ethiopia,Maize,3.5,1565.6,154.3,0.89
2003,South Ethiopia,Barley,3.5,1943.8,136.6,0.82
2003,South Ethiopia,Sorghum,3.5,1362.5,110.8,0.65
2003,Central Ethiopia,Teff,2.7,1213.2,101.3,0.91
2003,Central Ethiopia,Wheat,3.37,1336.7,87.6,0.87
2003,Central Ethiopia,Maize,2.93,1111.3,131.8,0.76
2003,Central Ethiopia,Barley,2.55,1160.8,113.6,0.76
2003,Central Ethiopia,Sorghum,3.5,1329.8,76.2,0.77
2003,South West Ethiopia,Teff,3.5,1761.6,129.9,0.68
2003,South West Ethiopia,Wheat,3.5,2151.8,92.3,0.62
2003,South West Ethiopia,Maize,3.5,2253.6,88.8,0.78
2003,South West Ethiopia,Barley,3.5,1464.6,133.0,0.59
2003,South West Ethiopia,Sorghum,3.5,2223.0,189.7,0.7
2004,Amhara,Teff,2.16,1243.5,112.3,0.93
2004,Amhara,Wheat,2.48,904.5,86.3,0.73
2004,Amhara,Maize,3.5,1015.5,61.6,0.72
2004,Amhara,Barley,3.2,864.8,128.1,0.73
2004,Amhara,Sorghum,2.53,899.6,145.9,0.71
2004,Oromia,Teff,3.5,824.2,114.7,0.77
2004,Oromia,Wheat,2.17,944.3,69.4,0.92
2004,Oromia,Maize,3.5,1066.5,122.5,0.73
2004,Oromia,Barley,2.03,710.7,99.7,0.81
2004,Oromia,Sorghum,3.32,885.9,105.3,0.8
2004,Tigray,Teff,2.23,497.9,51.0,0.66
2004,Tigray,Wheat,2.58,542.1,63.2,0.78
2004,Tigray,Maize,3.05,867.3,58.5,0.67
2004,Tigray,Barley,1.77,455.4,43.0,0.65
2004,Tigray,Sorghum,1.7,652.7,63.6,0.72
2004,Sidama,Teff,3.5,1084.1,111.3,0.76
2004,Sidama,Wheat,3.5,1471.5,144.0,0.69
2004,Sidama,Maize,3.5,1257.7,81.1,0.67
2004,Sidama,Barley,3.5,1498.6,153.5,0.88
2004,Sidama,Sorghum,3.5,1547.9,159.3,0.74
2004,Afar,Teff,1.41,472.9,57.6,0.45
2004,Afar,Wheat,1.03,498.1,23.7,0.36
2004,Afar,Maize,2.48,542.6,46.9,0.41
2004,Afar,Barley,1.5,561.2,46.6,0.58
2004,Afar,Sorghum,2.02,532.4,52.8,0.4
2004,South Ethiopia,Teff,3.5,1863.0,166.9,0.77
2004,South Ethiopia,Wheat,3.5,1912.7,158.9,0.78
2004,South Ethiopia,Maize,3.5,1302.1,95.2,0.8
2004,South Ethiopia,Barley,3.5,1678.7,98.0,0.81
2004,South Ethiopia,Sorghum,3.5,1411.0,105.7,0.71
2004,Central Ethiopia,Teff,2.7,1144.3,81.8,0.91
2004,Central Ethiopia,Wheat,3.14,944.2,105.9,0.89
2004,Central Ethiopia,Maize,3.5,955.4,136.0,0.92
2004,Central Ethiopia,Barley,3.5,998.7,122.5,0.87
2004,Central Ethiopia,Sorghum,3.5,1551.6,130.8,0.97
2004,South West Ethiopia,Teff,3.5,2183.7,168.9,0.7
2004,South West Ethiopia,Wheat,3.5,1909.2,141.8,0.63
2004,South West Ethiopia,Maize,3.5,2087.8,139.4,0.54
2004,South West Ethiopia,Barley,3.5,2125.6,119.9,0.53
2004,South West Ethiopia,Sorghum,3.5,1415.5,88.0,0.77
2005,Amhara,Teff,2.34,1185.8,124.8,0.79
2005,Amhara,Wheat,3.5,1323.6,135.4,0.8
2005,Amhara,Maize,2.77,1292.3,62.2,0.81
2005,Amhara,Barley,2.87,1220.0,85.4,0.82
2005,Amhara,Sorghum,3.5,1349.7,123.5,0.79
2005,Oromia,Teff,3.5,1368.9,107.4,0.72
2005,Oromia,Wheat,3.5,1191.2,130.6,0.9
2005,Oromia,Maize,3.5,1482.9,127.8,0.88
2005,Oromia,Barley,2.81,1483.4,117.3,0.96
2005,Oromia,Sorghum,3.5,944.5,61.1,0.93
2005,Tigray,Teff,2.01,577.7,47.2,0.61
2005,Tigray,Wheat,2.82,671.9,81.3,0.6
2005,Tigray,Maize,1.75,554.1,92.7,0.67
2005,Tigray,Barley,2.23,744.3,72.1,0.56
2005,Tigray,Sorghum,1.72,596.2,95.0,0.79
2005,Sidama,Teff,2.72,1054.6,126.6,0.83
2005,Sidama,Wheat,3.5,1127.2,74.8,0.74
2005,Sidama,Maize,3.5,1017.0,112.3,0.64
2005,Sidama,Barley,2.88,1387.5,71.8,0.88
2005,Sidama,Sorghum,3.5,1710.6,115.8,0.63
2005,Afar,Teff,1.26,226.6,73.3,0.42
2005,Afar,Wheat,1.21,527.2,57.7,0.47
2005,Afar,Maize,2.45,548.9,32.3,0.54
2005,Afar,Barley,1.57,594.3,40.2,0.36
2005,Afar,Sorghum,1.67,290.1,33.1,0.42
2005,South Ethiopia,Teff,3.27,1578.8,178.4,0.76
2005,South Ethiopia,Wheat,3.31,1333.0,146.7,0.81
2005,South Ethiopia,Maize,3.5,1771.9,150.3,0.6
2005,South Ethiopia,Barley,3.5,1774.4,150.8,0.73
2005,South Ethiopia,Sorghum,3.5,1829.9,144.7,0.88
2005,Central Ethiopia,Teff,3.07,1425.5,106.3,0.81
2005,Central Ethiopia,Wheat,3.5,1436.3,157.1,0.82
2005,Central Ethiopia,Maize,3.5,1378.9,139.5,0.97
2005,Central Ethiopia,Barley,2.8,1339.2,135.6,0.95
2005,Central Ethiopia,Sorghum,3.34,1419.7,156.7,0.9
2005,South West Ethiopia,Teff,3.5,2027.2,108.2,0.54
2005,South West Ethiopia,Wheat,3.5,2271.1,135.9,0.51
2005,South West Ethiopia,Maize,3.5,2353.4,83.7,0.5
2005,South West Ethiopia,Barley,3.5,1505.4,86.9,0.54
2005,South West Ethiopia,Sorghum,3.5,1500.4,87.8,0.72
2006,Amhara,Teff,3.5,1300.3,59.9,0.75
2006,Amhara,Wheat,2.54,1215.0,93.5,0.9
2006,Amhara,Maize,3.5,1365.8,138.5,0.8
2006,Amhara,Barley,2.92,1071.9,110.7,0.97
2006,Amhara,Sorghum,3.5,1211.7,82.3,0.84
2006,Oromia,Teff,3.5,878.5,157.5,0.73
2006,Oromia,Wheat,3.5,826.0,154.9,0.98
2006,Oromia,Maize,3.5,1245.5,103.6,0.87
2006,Oromia,Barley,3.4,961.2,83.2,0.84
2006,Oromia,Sorghum,3.5,1368.5,91.0,0.88
2006,Tigray,Teff,1.63,869.1,53.3,0.53
2006,Tigray,Wheat,2.62,628.2,65.0,0.78
2006,Tigray,Maize,2.13,781.9,67.6,0.56
2006,Tigray,Barley,2.37,521.8,40.3,0.79
2006,Tigray,Sorghum,2.44,486.9,76.0,0.7
2006,Sidama,Teff,3.5,1243.9,165.4,0.78
2006,Sidama,Wheat,3.5,1557.7,132.7,0.81
2006,Sidama,Maize,3.5,1132.9,132.5,0.63
2006,Sidama,Barley,3.5,1407.3,71.3,0.68
2006,Sidama,Sorghum,3.5,1036.1,88.8,0.65
2006,Afar,Teff,1.03,361.2,73.2,0.48
2006,Afar,Wheat,1.46,477.5,26.4,0.58
2006,Afar,Maize,2.22,261.1,70.5,0.35
2006,Afar,Barley,1.02,438.0,50.5,0.41
2006,Afar,Sorghum,1.52,209.9,63.6,0.46
2006,South Ethiopia,Teff,3.31,1841.3,97.7,0.71
2006,South Ethiopia,Wheat,3.5,1430.2,133.8,0.67
2006,South Ethiopia,Maize,3.5,1802.2,167.5,0.86
2006,South Ethiopia,Barley,3.5,1659.6,139.1,0.75
2006,South Ethiopia,Sorghum,3.5,1439.9,96.7,0.61
2006,Central Ethiopia,Teff,3.5,1232.3,151.8,0.9
2006,Central Ethiopia,Wheat,2.99,1247.1,122.3,0.85
2006,Central Ethiopia,Maize,3.5,1287.2,130.8,0.76
2006,Central Ethiopia,Barley,3.3,1242.7,78.8,0.88
2006,Central Ethiopia,Sorghum,3.5,1024.5,154.4,0.86
2006,South West Ethiopia,Teff,3.5,2198.3,162.5,0.59
2006,South West Ethiopia,Wheat,3.5,2209.5,112.1,0.59
2006,South West Ethiopia,Maize,3.5,1453.2,95.5,0.57
2006,South West Ethiopia,Barley,3.5,2376.3,134.8,0.79
2006,South West Ethiopia,Sorghum,3.5,1563.1,164.0,0.75
2007,Amhara,Teff,3.5,1220.9,83.0,0.74
2007,Amhara,Wheat,2.4,895.2,65.2,0.75
2007,Amhara,Maize,2.81,880.6,85.6,0.93
2007,Amhara,Barley,2.87,1332.6,123.6,0.8
2007,Amhara,Sorghum,3.5,1370.5,117.2,0.71
2007,Oromia,Teff,3.16,708.3,104.2,0.87
2007,Oromia,Wheat,3.5,999.9,126.1,0.75
2007,Oromia,Maize,3.33,1427.0,64.3,0.77
2007,Oromia,Barley,2.02,733.0,78.5,0.79
2007,Oromia,Sorghum,3.41,1214.9,108.0,0.9
2007,Tigray,Teff,1.61,513.1,98.8,0.59
2007,Tigray,Wheat,1.52,638.2,99.5,0.69
2007,Tigray,Maize,1.86,709.9,87.2,0.63
2007,Tigray,Barley,1.93,597.1,98.5,0.74
2007,Tigray,Sorghum,1.61,831.9,40.1,0.69
2007,Sidama,Teff,3.5,1678.3,75.0,0.74
2007,Sidama,Wheat,3.5,1230.6,150.6,0.76
2007,Sidama,Maize,3.5,1685.4,155.8,0.88
2007,Sidama,Barley,3.5,1237.6,146.4,0.66
2007,Sidama,Sorghum,3.29,1404.5,100.2,0.66
2007,Afar,Teff,1.64,371.1,72.4,0.54
2007,Afar,Wheat,1.49,398.0,53.6,0.36
2007,Afar,Maize,1.37,466.2,78.3,0.6
2007,Afar,Barley,1.76,465.2,65.3,0.31
2007,Afar,Sorghum,1.37,471.3,35.2,0.5
2007,South Ethiopia,Teff,3.5,1718.7,169.5,0.83
2007,South Ethiopia,Wheat,3.5,1858.4,167.8,0.8
2007,South Ethiopia,Maize,3.5,1315.7,147.0,0.61
2007,South Ethiopia,Barley,3.5,1524.9,161.8,0.79
2007,South Ethiopia,Sorghum,3.5,1887.9,173.6,0.72
2007,Central Ethiopia,Teff,3.5,1541.5,156.4,0.85
2007,Central Ethiopia,Wheat,3.5,1246.9,100.8,0.77
2007,Central Ethiopia,Maize,3.5,978.3,87.2,0.98
2007,Central Ethiopia,Barley,2.71,1234.1,121.8,0.81
2007,Central Ethiopia,Sorghum,3.35,1452.9,131.2,0.93
2007,South West Ethiopia,Teff,3.5,2014.8,126.1,0.72
2007,South West Ethiopia,Wheat,3.5,2063.7,191.7,0.54
2007,South West Ethiopia,Maize,3.5,1872.8,177.2,0.62
2007,South West Ethiopia,Barley,3.5,1960.1,92.0,0.78
2007,South West Ethiopia,Sorghum,3.5,2299.0,190.0,0.63
2008,Amhara,Teff,3.5,1051.8,84.1,0.98
2008,Amhara,Wheat,3.5,1229.3,144.3,0.89
2008,Amhara,Maize,2.63,1028.7,148.6,0.83
2008,Amhara,Barley,2.59,1266.7,89.2,0.82
2008,Amhara,Sorghum,3.5,1266.9,71.7,0.72
2008,Oromia,Teff,3.5,1177.1,78.4,0.93
2008,Oromia,Wheat,3.5,1325.1,156.1,0.9
2008,Oromia,Maize,3.5,892.1,99.3,0.8
2008,Oromia,Barley,3.5,832.1,78.5,0.83
2008,Oromia,Sorghum,3.5,1173.9,153.5,0.82
2008,Tigray,Teff,1.25,492.6,79.1,0.76
2008,Tigray,Wheat,1.68,807.8,75.6,0.55
2008,Tigray,Maize,2.99,558.2,87.3,0.78
2008,Tigray,Barley,2.3,868.9,83.1,0.53
2008,Tigray,Sorghum,2.22,791.5,75.5,0.73
2008,Sidama,Teff,3.5,1678.5,132.7,0.63
2008,Sidama,Wheat,3.5,1014.4,144.2,0.65
2008,Sidama,Maize,3.5,1075.9,95.3,0.77
2008,Sidama,Barley,3.5,1680.4,111.1,0.79
2008,Sidama,Sorghum,3.5,1521.4,142.6,0.78
2008,Afar,Teff,1.14,565.1,57.5,0.39
2008,Afar,Wheat,1.62,392.3,27.1,0.36
2008,Afar,Maize,2.13,348.9,73.7,0.37
2008,Afar,Barley,1.29,275.7,32.9,0.55
2008,Afar,Sorghum,2.14,436.4,45.8,0.45
2008,South Ethiopia,Teff,3.5,1905.1,179.8,0.81
2008,South Ethiopia,Wheat,3.5,1841.2,87.4,0.71
2008,South Ethiopia,Maize,3.5,1352.1,110.2,0.85
2008,South Ethiopia,Barley,3.5,1268.1,104.3,0.86
2008,South Ethiopia,Sorghum,3.5,1856.1,163.4,0.63
2008,Central Ethiopia,Teff,3.07,1587.2,103.7,0.72
2008,Central Ethiopia,Wheat,2.58,1139.1,117.6,0.77
2008,Central Ethiopia,Maize,3.5,1389.6,103.0,0.98
2008,Central Ethiopia,Barley,3.5,1184.9,127.2,0.93
2008,Central Ethiopia,Sorghum,3.47,906.6,157.2,0.82
2008,South West Ethiopia,Teff,3.5,1640.8,119.3,0.67
2008,South West Ethiopia,Wheat,3.5,1758.6,101.8,0.7
2008,South West Ethiopia,Maize,3.5,1587.9,141.6,0.57
2008,South West Ethiopia,Barley,3.5,1631.4,108.7,0.57
2008,South West Ethiopia,Sorghum,3.5,1869.2,89.2,0.73
2009,Amhara,Teff,3.5,1255.4,123.5,0.85
2009,Amhara,Wheat,2.78,1030.0,69.4,0.74
2009,Amhara,Maize,2.61,1074.5,95.2,0.76
2009,Amhara,Barley,2.27,1107.7,61.7,0.97
2009,Amhara,Sorghum,3.32,1127.0,139.1,0.86
2009,Oromia,Teff,1.91,794.7,153.1,0.88
2009,Oromia,Wheat,2.9,988.7,84.2,0.87
2009,Oromia,Maize,3.5,1096.9,60.0,0.93
2009,Oromia,Barley,2.48,1306.7,94.6,0.78
2009,Oromia,Sorghum,3.5,1465.5,157.4,0.92
2009,Tigray,Teff,1.72,716.4,77.9,0.52
2009,Tigray,Wheat,2.01,859.1,43.6,0.53
2009,Tigray,Maize,3.22,864.1,92.6,0.56
2009,Tigray,Barley,1.31,567.9,97.1,0.57
2009,Tigray,Sorghum,2.1,616.5,99.6,0.58
2009,Sidama,Teff,3.5,1639.8,138.1,0.7
2009,Sidama,Wheat,3.5,1303.6,79.6,0.82
2009,Sidama,Maize,3.5,1061.1,93.5,0.78
2009,Sidama,Barley,3.5,1519.1,164.1,0.74
2009,Sidama,Sorghum,3.5,1424.5,132.8,0.8
2009,Afar,Teff,1.41,303.2,47.3,0.48
2009,Afar,Wheat,1.18,241.2,32.0,0.42
2009,Afar,Maize,2.31,575.3,71.1,0.35
2009,Afar,Barley,2.02,522.7,76.5,0.49
2009,Afar,Sorghum,1.57,587.0,56.1,0.52
2009,South Ethiopia,Teff,3.5,1958.4,130.3,0.8
2009,South Ethiopia,Wheat,3.5,1538.9,85.8,0.8
2009,South Ethiopia,Maize,3.5,1460.0,163.6,0.64
2009,South Ethiopia,Barley,3.5,1390.9,104.5,0.85
2009,South Ethiopia,Sorghum,3.5,1651.0,94.0,0.88
2009,Central Ethiopia,Teff,2.84,1091.2,153.8,0.98
2009,Central Ethiopia,Wheat,3.5,1593.4,93.9,0.76
2009,Central Ethiopia,Maize,3.24,1072.2,80.8,0.97
2009,Central Ethiopia,Barley,2.87,1301.8,136.8,0.8
2009,Central Ethiopia,Sorghum,3.5,1109.5,157.9,0.91
2009,South West Ethiopia,Teff,3.5,1733.6,89.1,0.67
2009,South West Ethiopia,Wheat,3.5,1914.0,186.6,0.79
2009,South West Ethiopia,Maize,3.5,1401.7,144.7,0.79
2009,South West Ethiopia,Barley,3.5,1698.6,187.8,0.72
2009,South West Ethiopia,Sorghum,3.5,1595.0,167.2,0.77
2010,Amhara,Teff,2.21,940.7,96.2,0.98
2010,Amhara,Wheat,3.5,1366.1,130.7,0.91
2010,Amhara,Maize,3.5,1110.0,144.5,0.98
2010,Amhara,Barley,2.74,802.1,53.8,0.84
2010,Amhara,Sorghum,3.43,1336.0,149.5,0.91
2010,Oromia,Teff,3.5,807.1,116.6,0.97
2010,Oromia,Wheat,2.69,1478.0,121.0,0.88
2010,Oromia,Maize,3.5,1118.9,132.3,1.0
2010,Oromia,Barley,3.5,894.3,93.5,0.8
2010,Oromia,Sorghum,3.5,956.2,76.0,0.76
2010,Tigray,Teff,2.24,590.9,72.8,0.79
2010,Tigray,Wheat,1.65,532.6,73.3,0.51
2010,Tigray,Maize,2.56,468.3,45.3,0.64
2010,Tigray,Barley,1.65,505.9,54.8,0.66
2010,Tigray,Sorghum,2.9,798.4,61.6,0.68
2010,Sidama,Teff,3.32,1071.6,167.4,0.71
2010,Sidama,Wheat,3.28,1264.3,163.5,0.83
2010,Sidama,Maize,3.5,1556.8,118.0,0.75
2010,Sidama,Barley,3.5,1578.4,76.2,0.81
2010,Sidama,Sorghum,3.5,1373.3,97.0,0.66
2010,Afar,Teff,1.41,523.7,49.1,0.35
2010,Afar,Wheat,1.54,340.5,77.1,0.38
2010,Afar,Maize,1.71,573.1,35.0,0.48
2010,Afar,Barley,1.73,473.3,75.0,0.44
2010,Afar,Sorghum,1.57,336.7,36.6,0.34
2010,South Ethiopia,Teff,3.5,1391.1,170.6,0.69
2010,South Ethiopia,Wheat,3.5,1958.5,136.8,0.86
2010,South Ethiopia,Maize,3.5,1809.9,136.4,0.81
2010,South Ethiopia,Barley,3.5,1796.1,169.6,0.62
2010,South Ethiopia,Sorghum,3.5,1949.4,122.8,0.8
2010,Central Ethiopia,Teff,2.35,1017.8,149.4,0.79
2010,Central Ethiopia,Wheat,3.36,1050.9,103.9,0.96
2010,Central Ethiopia,Maize,3.5,1269.9,108.8,0.99
2010,Central Ethiopia,Barley,2.43,1077.9,107.3,0.82
2010,Central Ethiopia,Sorghum,3.5,1239.7,111.8,0.76
2010,South West Ethiopia,Teff,3.5,2325.0,101.2,0.62
2010,South West Ethiopia,Wheat,3.5,1920.6,186.6,0.63
2010,South West Ethiopia,Maize,3.5,1922.8,137.8,0.61
2010,South West Ethiopia,Barley,3.5,1499.7,146.1,0.69
2010,South West Ethiopia,Sorghum,3.5,1453.5,129.6,0.55
2011,Amhara,Teff,3.12,1265.6,85.9,0.79
2011,Amhara,Wheat,2.88,1066.4,143.5,0.97
2011,Amhara,Maize,3.24,1079.0,86.5,0.98
2011,Amhara,Barley,3.5,1364.3,146.6,0.87
2011,Amhara,Sorghum,2.51,821.3,135.5,0.92
2011,Oromia,Teff,2.26,808.0,127.2,0.99
2011,Oromia,Wheat,2.5,923.7,127.6,0.89
2011,Oromia,Maize,2.31,782.1,93.3,0.94
2011,Oromia,Barley,2.12,1143.2,104.4,0.85
2011,Oromia,Sorghum,3.5,1054.1,148.6,0.72
2011,Tigray,Teff,2.24,603.6,43.6,0.8
2011,Tigray,Wheat,2.89,705.0,90.2,0.67
2011,Tigray,Maize,2.5,867.8,54.1,0.64
2011,Tigray,Barley,1.38,703.6,57.9,0.54
2011,Tigray,Sorghum,2.17,635.5,97.6,0.77
2011,Sidama,Teff,2.45,1167.8,79.1,0.83
2011,Sidama,Wheat,3.12,1284.4,127.8,0.83
2011,Sidama,Maize,3.5,1558.2,88.8,0.68
2011,Sidama,Barley,3.5,1752.0,135.2,0.6
2011,Sidama,Sorghum,3.5,1271.4,77.1,0.81
2011,Afar,Teff,1.36,568.1,28.2,0.39
2011,Afar,Wheat,1.77,513.8,67.8,0.42
2011,Afar,Maize,1.34,330.9,33.9,0.31
2011,Afar,Barley,1.2,488.7,72.5,0.58
2011,Afar,Sorghum,1.18,328.0,64.0,0.42
2011,South Ethiopia,Teff,3.5,1875.4,173.8,0.74
2011,South Ethiopia,Wheat,3.5,1284.4,164.8,0.7
2011,South Ethiopia,Maize,3.5,1264.5,170.6,0.83
2011,South Ethiopia,Barley,3.5,1995.7,84.0,0.72
2011,South Ethiopia,Sorghum,3.5,1228.7,155.8,0.68
2011,Central Ethiopia,Teff,3.47,1284.2,74.1,0.84
2011,Central Ethiopia,Wheat,3.5,1384.6,147.1,0.88
2011,Central Ethiopia,Maize,3.5,1505.0,61.2,0.82
2011,Central Ethiopia,Barley,3.5,1416.5,90.0,0.74
2011,Central Ethiopia,Sorghum,3.5,1254.9,140.0,0.89
2011,South West Ethiopia,Teff,3.26,1459.0,99.1,0.55
2011,South West Ethiopia,Wheat,3.5,1438.0,118.4,0.5
2011,South West Ethiopia,Maize,3.5,2135.5,183.3,0.55
2011,South West Ethiopia,Barley,3.5,1907.8,166.7,0.73
2011,South West Ethiopia,Sorghum,3.5,2350.8,84.2,0.55
2012,Amhara,Teff,3.34,1041.2,67.6,0.93
2012,Amhara,Wheat,2.62,1227.0,85.9,0.89
2012,Amhara,Maize,3.5,1228.8,80.7,0.76
2012,Amhara,Barley,3.5,1227.1,103.2,0.91
2012,Amhara,Sorghum,3.5,847.8,127.8,0.71
2012,Oromia,Teff,2.82,1496.0,128.7,0.87
2012,Oromia,Wheat,2.97,1374.7,146.4,0.86
2012,Oromia,Maize,3.23,1342.9,150.7,0.73
2012,Oromia,Barley,3.45,948.2,136.7,0.89
2012,Oromia,Sorghum,3.5,1075.1,139.7,0.76
2012,Tigray,Teff,2.08,653.7,41.0,0.64
2012,Tigray,Wheat,2.19,785.0,68.8,0.73
2012,Tigray,Maize,2.58,593.5,77.9,0.62
2012,Tigray,Barley,1.64,439.8,88.9,0.69
2012,Tigray,Sorghum,2.38,805.0,83.9,0.54
2012,Sidama,Teff,2.97,1417.5,77.0,0.68
2012,Sidama,Wheat,3.5,1536.8,104.7,0.74
2012,Sidama,Maize,3.5,1352.3,101.0,0.75
2012,Sidama,Barley,3.5,1496.8,115.0,0.77
2012,Sidama,Sorghum,3.5,1498.8,102.0,0.9
2012,Afar,Teff,1.29,514.6,47.6,0.46
2012,Afar,Wheat,1.27,494.1,33.5,0.6
2012,Afar,Maize,2.15,277.4,45.1,0.49
2012,Afar,Barley,1.52,445.0,51.2,0.39
2012,Afar,Sorghum,1.75,534.0,61.4,0.54
2012,South Ethiopia,Teff,3.5,1716.0,120.4,0.71
2012,South Ethiopia,Wheat,3.5,1472.3,161.7,0.79
2012,South Ethiopia,Maize,3.5,1261.6,83.5,0.9
2012,South Ethiopia,Barley,3.5,1978.3,88.5,0.77
2012,South Ethiopia,Sorghum,3.5,1851.7,105.8,0.87
2012,Central Ethiopia,Teff,2.61,1138.8,91.1,0.72
2012,Central Ethiopia,Wheat,3.5,1376.1,119.9,0.82
2012,Central Ethiopia,Maize,3.5,1344.5,76.4,0.71
2012,Central Ethiopia,Barley,2.74,1115.3,141.6,0.83
2012,Central Ethiopia,Sorghum,2.93,1242.7,107.9,0.74
2012,South West Ethiopia,Teff,3.5,1990.3,194.9,0.71
2012,South West Ethiopia,Wheat,3.5,1808.4,157.0,0.78
2012,South West Ethiopia,Maize,3.5,1949.0,95.0,0.52
2012,South West Ethiopia,Barley,3.5,2291.7,139.1,0.54
2012,South West Ethiopia,Sorghum,3.5,2186.4,137.4,0.66
2013,Amhara,Teff,2.51,1347.9,119.2,0.95
2013,Amhara,Wheat,2.15,827.8,110.0,0.75
2013,Amhara,Maize,3.34,1108.5,68.6,0.81
2013,Amhara,Barley,2.31,1392.2,74.6,0.84
2013,Amhara,Sorghum,3.5,1363.6,80.8,0.79
2013,Oromia,Teff,3.5,1404.6,84.7,0.71
2013,Oromia,Wheat,3.5,879.5,148.4,0.76
2013,Oromia,Maize,3.5,1481.0,80.9,0.76
2013,Oromia,Barley,2.7,1102.5,112.4,0.78
2013,Oromia,Sorghum,3.26,1284.3,148.8,0.99
2013,Tigray,Teff,2.04,589.8,58.2,0.64
2013,Tigray,Wheat,2.17,499.5,63.2,0.68
2013,Tigray,Maize,2.47,476.4,48.3,0.59
2013,Tigray,Barley,1.24,416.1,56.8,0.7
2013,Tigray,Sorghum,3.3,854.4,57.1,0.64
2013,Sidama,Teff,3.5,1570.1,159.2,0.72
2013,Sidama,Wheat,3.41,1203.9,71.8,0.7
2013,Sidama,Maize,3.5,1047.5,84.4,0.66
2013,Sidama,Barley,3.5,1181.4,168.6,0.79
2013,Sidama,Sorghum,3.11,1069.5,160.4,0.76
2013,Afar,Teff,1.72,461.9,60.9,0.47
2013,Afar,Wheat,1.27,284.4,56.7,0.5
2013,Afar,Maize,1.54,539.8,22.3,0.36
2013,Afar,Barley,1.29,340.5,25.0,0.56
2013,Afar,Sorghum,1.97,596.5,65.4,0.57
2013,South Ethiopia,Teff,3.5,1946.4,151.8,0.68
2013,South Ethiopia,Wheat,3.5,1281.5,139.6,0.79
2013,South Ethiopia,Maize,3.5,1742.0,135.7,0.62
2013,South Ethiopia,Barley,3.5,1745.9,93.9,0.88
2013,South Ethiopia,Sorghum,3.5,1748.3,101.5,0.74
2013,Central Ethiopia,Teff,2.95,1047.0,149.2,0.94
2013,Central Ethiopia,Wheat,3.5,1114.5,103.5,0.87
2013,Central Ethiopia,Maize,3.5,952.8,99.7,0.79
2013,Central Ethiopia,Barley,3.15,1512.0,76.9,0.87
2013,Central Ethiopia,Sorghum,3.02,1429.1,100.2,0.84
2013,South West Ethiopia,Teff,3.5,2313.3,134.4,0.52
2013,South West Ethiopia,Wheat,3.5,2205.5,159.9,0.66
2013,South West Ethiopia,Maize,3.5,1799.4,171.1,0.61
2013,South West Ethiopia,Barley,3.5,1587.3,153.6,0.65
2013,South West Ethiopia,Sorghum,3.5,1846.3,199.3,0.65
2014,Amhara,Teff,2.68,999.7,95.6,0.71
2014,Amhara,Wheat,3.08,817.1,129.2,0.93
2014,Amhara,Maize,3.5,1143.5,139.5,0.95
2014,Amhara,Barley,2.99,1174.4,116.2,0.94
2014,Amhara,Sorghum,2.49,901.5,80.1,0.8
2014,Oromia,Teff,3.5,1081.6,122.5,0.83
2014,Oromia,Wheat,3.29,945.7,66.9,0.86
2014,Oromia,Maize,3.5,1240.4,93.5,0.92
2014,Oromia,Barley,3.5,1436.6,104.1,0.92
2014,Oromia,Sorghum,2.3,836.7,128.7,0.94
2014,Tigray,Teff,1.41,696.7,88.2,0.78
2014,Tigray,Wheat,1.46,520.1,95.2,0.71
2014,Tigray,Maize,3.5,825.5,87.0,0.57
2014,Tigray,Barley,1.51,822.6,40.5,0.79
2014,Tigray,Sorghum,1.59,766.6,61.7,0.62
2014,Sidama,Teff,2.71,1063.5,105.5,0.8
2014,Sidama,Wheat,3.5,1190.6,152.2,0.89
2014,Sidama,Maize,3.5,1477.0,152.9,0.85
2014,Sidama,Barley,3.5,1457.1,104.3,0.8
2014,Sidama,Sorghum,3.5,1598.7,94.2,0.65
2014,Afar,Teff,1.46,232.0,49.8,0.47
2014,Afar,Wheat,1.77,286.8,71.9,0.58
2014,Afar,Maize,2.04,440.8,72.7,0.31
2014,Afar,Barley,1.2,574.5,67.9,0.52
2014,Afar,Sorghum,1.57,247.5,41.0,0.53
2014,South Ethiopia,Teff,3.5,1874.7,126.7,0.75
2014,South Ethiopia,Wheat,3.5,1252.4,103.7,0.88
2014,South Ethiopia,Maize,3.5,1991.5,126.0,0.71
2014,South Ethiopia,Barley,3.5,1569.4,171.6,0.88
2014,South Ethiopia,Sorghum,3.5,1586.1,89.3,0.76
2014,Central Ethiopia,Teff,3.5,1447.0,93.4,0.83
2014,Central Ethiopia,Wheat,3.5,1117.6,145.4,0.86
2014,Central Ethiopia,Maize,3.02,1310.5,79.2,0.81
2014,Central Ethiopia,Barley,3.5,1349.9,141.2,0.97
2014,Central Ethiopia,Sorghum,3.1,1210.7,108.5,0.99
2014,South West Ethiopia,Teff,3.5,1947.8,91.1,0.51
2014,South West Ethiopia,Wheat,3.5,1828.8,116.7,0.72
2014,South West Ethiopia,Maize,3.5,2373.8,126.0,0.53
2014,South West Ethiopia,Barley,3.5,1729.6,124.5,0.68
2014,South West Ethiopia,Sorghum,3.5,2130.4,149.5,0.61
2015,Amhara,Teff,2.75,1155.0,53.2,0.95
2015,Amhara,Wheat,3.5,1072.4,72.0,0.79
2015,Amhara,Maize,3.5,1004.6,57.4,0.98
2015,Amhara,Barley,2.58,1242.1,56.0,0.71
2015,Amhara,Sorghum,3.5,1153.4,101.8,0.89
2015,Oromia,Teff,3.32,1486.1,155.1,0.76
2015,Oromia,Wheat,2.88,948.5,119.5,0.72
2015,Oromia,Maize,3.5,1405.9,89.4,0.98
2015,Oromia,Barley,3.25,1040.7,61.6,0.93
2015,Oromia,Sorghum,3.5,1204.8,112.7,0.9
2015,Tigray,Teff,2.66,854.7,82.5,0.58
2015,Tigray,Wheat,2.65,637.3,96.7,0.62
2015,Tigray,Maize,2.6,624.4,64.1,0.77
2015,Tigray,Barley,1.67,586.4,69.9,0.73
2015,Tigray,Sorghum,2.19,871.3,96.2,0.67
2015,Sidama,Teff,2.85,1376.1,97.0,0.74
2015,Sidama,Wheat,3.5,1627.8,151.7,0.78
2015,Sidama,Maize,3.5,1428.9,157.2,0.85
2015,Sidama,Barley,3.12,1490.2,136.8,0.84
2015,Sidama,Sorghum,3.5,1146.7,135.3,0.87
2015,Afar,Teff,1.57,473.6,26.0,0.46
2015,Afar,Wheat,1.68,496.7,23.6,0.56
2015,Afar,Maize,1.87,410.4,46.3,0.52
2015,Afar,Barley,1.74,472.4,22.7,0.4
2015,Afar,Sorghum,1.37,461.4,38.3,0.56
2015,South Ethiopia,Teff,3.5,1848.4,137.9,0.64
2015,South Ethiopia,Wheat,3.5,1679.0,150.1,0.7
2015,South Ethiopia,Maize,3.5,1669.6,123.7,0.82
2015,South Ethiopia,Barley,3.5,1783.6,143.7,0.63
2015,South Ethiopia,Sorghum,3.5,1351.2,124.2,0.68
2015,Central Ethiopia,Teff,2.96,1406.2,121.6,0.9
2015,Central Ethiopia,Wheat,3.5,1523.5,105.4,0.81
2015,Central Ethiopia,Maize,3.5,1186.2,144.9,0.76
2015,Central Ethiopia,Barley,3.5,1349.7,82.0,0.87
2015,Central Ethiopia,Sorghum,3.5,1013.7,129.5,0.97
2015,South West Ethiopia,Teff,3.5,2022.6,152.7,0.71
2015,South West Ethiopia,Wheat,3.5,2015.3,195.2,0.57
2015,South West Ethiopia,Maize,3.5,1671.1,90.1,0.53
2015,South West Ethiopia,Barley,3.5,1675.4,93.8,0.74
2015,South West Ethiopia,Sorghum,3.5,1897.7,122.8,0.64
2016,Amhara,Teff,3.17,918.9,99.4,0.98
2016,Amhara,Wheat,3.09,1142.1,81.0,0.79
2016,Amhara,Maize,3.5,1378.8,131.5,0.83
2016,Amhara,Barley,2.87,1062.7,143.4,0.87
2016,Amhara,Sorghum,3.5,1219.7,71.9,0.92
2016,Oromia,Teff,3.48,1061.1,108.3,0.87
2016,Oromia,Wheat,2.34,1214.1,148.5,0.96
2016,Oromia,Maize,3.5,1017.2,62.2,0.82
2016,Oromia,Barley,2.01,722.9,105.9,0.93
2016,Oromia,Sorghum,3.5,1338.4,102.7,0.93
2016,Tigray,Teff,1.98,502.8,89.9,0.8
2016,Tigray,Wheat,2.02,736.3,94.5,0.72
2016,Tigray,Maize,1.91,728.7,63.1,0.52
2016,Tigray,Barley,2.11,886.6,74.7,0.58
2016,Tigray,Sorghum,1.64,448.4,42.5,0.7
2016,Sidama,Teff,3.5,1487.9,85.5,0.73
2016,Sidama,Wheat,3.5,1379.5,132.7,0.82
2016,Sidama,Maize,3.5,1727.4,114.5,0.73
2016,Sidama,Barley,3.5,1186.2,109.5,0.61
2016,Sidama,Sorghum,3.5,1348.8,154.6,0.79
2016,Afar,Teff,1.44,234.1,51.5,0.51
2016,Afar,Wheat,1.48,329.0,53.9,0.32
2016,Afar,Maize,1.86,417.2,78.3,0.35
2016,Afar,Barley,1.82,552.6,73.2,0.48
2016,Afar,Sorghum,2.1,470.6,58.8,0.55
2016,South Ethiopia,Teff,3.5,1536.5,115.6,0.62
2016,South Ethiopia,Wheat,3.5,1202.3,81.6,0.86
2016,South Ethiopia,Maize,3.5,1992.4,153.0,0.6
2016,South Ethiopia,Barley,3.5,1304.9,176.6,0.77
2016,South Ethiopia,Sorghum,3.5,1247.9,157.4,0.75
2016,Central Ethiopia,Teff,3.5,1596.6,144.0,0.8
2016,Central Ethiopia,Wheat,3.5,943.8,69.9,1.0
2016,Central Ethiopia,Maize,3.5,1255.9,103.3,0.84
2016,Central Ethiopia,Barley,3.06,1174.1,93.0,0.79
2016,Central Ethiopia,Sorghum,3.42,975.9,117.5,0.86
2016,South West Ethiopia,Teff,3.5,2352.2,193.8,0.65
2016,South West Ethiopia,Wheat,3.5,2367.4,124.8,0.59
2016,South West Ethiopia,Maize,3.5,1880.9,100.1,0.57
2016,South West Ethiopia,Barley,3.5,1883.4,146.4,0.59
2016,South West Ethiopia,Sorghum,3.5,1944.6,181.1,0.79
2017,Amhara,Teff,3.12,920.9,58.1,0.98
2017,Amhara,Wheat,3.44,913.7,76.9,0.86
2017,Amhara,Maize,3.32,1062.9,54.6,0.76
2017,Amhara,Barley,2.23,1210.1,139.0,0.74
2017,Amhara,Sorghum,3.5,1399.4,84.7,0.94
2017,Oromia,Teff,3.5,1301.3,103.6,0.92
2017,Oromia,Wheat,3.5,1029.7,148.3,0.96
2017,Oromia,Maize,3.5,937.0,117.1,0.85
2017,Oromia,Barley,2.98,1324.0,148.7,0.9
2017,Oromia,Sorghum,3.5,1460.0,90.2,0.87
2017,Tigray,Teff,1.79,502.3,85.2,0.53
2017,Tigray,Wheat,2.42,865.9,49.0,0.56
2017,Tigray,Maize,2.09,733.9,98.5,0.63
2017,Tigray,Barley,2.01,469.6,89.6,0.56
2017,Tigray,Sorghum,2.92,589.9,97.7,0.5
2017,Sidama,Teff,3.5,1636.9,78.2,0.84
2017,Sidama,Wheat,3.5,1335.6,87.4,0.7
2017,Sidama,Maize,3.5,1645.6,132.2,0.87
2017,Sidama,Barley,3.21,1413.5,101.2,0.81
2017,Sidama,Sorghum,3.5,1570.4,158.5,0.86
2017,Afar,Teff,1.0,382.4,23.8,0.54
2017,Afar,Wheat,1.86,356.3,47.9,0.57
2017,Afar,Maize,2.08,317.0,46.1,0.59
2017,Afar,Barley,1.99,460.6,69.2,0.33
2017,Afar,Sorghum,2.18,454.5,56.1,0.58
2017,South Ethiopia,Teff,3.5,1475.4,156.8,0.75
2017,South Ethiopia,Wheat,3.5,1787.5,165.4,0.82
2017,South Ethiopia,Maize,3.5,1627.4,134.6,0.63
2017,South Ethiopia,Barley,3.5,1891.6,100.3,0.79
2017,South Ethiopia,Sorghum,3.5,1610.0,109.9,0.77
2017,Central Ethiopia,Teff,3.5,1414.2,145.1,0.87
2017,Central Ethiopia,Wheat,2.88,1221.7,123.4,0.79
2017,Central Ethiopia,Maize,3.5,1588.4,145.3,0.93
2017,Central Ethiopia,Barley,3.5,1438.4,154.2,0.98
2017,Central Ethiopia,Sorghum,2.96,1242.3,102.3,0.85
2017,South West Ethiopia,Teff,3.5,1926.7,156.9,0.57
2017,South West Ethiopia,Wheat,3.5,2025.3,173.3,0.57
2017,South West Ethiopia,Maize,3.5,1475.2,141.5,0.55
2017,South West Ethiopia,Barley,3.5,1408.9,179.5,0.74
2017,South West Ethiopia,Sorghum,3.5,2376.5,110.3,0.8
2018,Amhara,Teff,2.83,1162.9,85.8,0.78
2018,Amhara,Wheat,3.38,1301.4,52.2,0.8
2018,Amhara,Maize,3.2,1058.1,85.8,0.82
2018,Amhara,Barley,2.32,1388.1,117.3,0.92
2018,Amhara,Sorghum,3.5,1016.2,135.0,0.8
2018,Oromia,Teff,2.44,926.9,97.7,0.76
2018,Oromia,Wheat,3.21,1496.3,60.5,0.97
2018,Oromia,Maize,3.5,738.6,150.6,0.74
2018,Oromia,Barley,2.6,1304.0,91.2,0.84
2018,Oromia,Sorghum,3.48,841.3,119.2,0.88
2018,Tigray,Teff,1.96,467.9,59.3,0.74
2018,Tigray,Wheat,2.7,708.1,86.0,0.68
2018,Tigray,Maize,2.41,595.4,50.2,0.7
2018,Tigray,Barley,2.14,631.4,46.9,0.71
2018,Tigray,Sorghum,1.43,450.8,44.9,0.56
2018,Sidama,Teff,3.1,1103.4,143.4,0.67
2018,Sidama,Wheat,3.36,1598.6,113.8,0.75
2018,Sidama,Maize,3.5,1722.3,86.7,0.7
2018,Sidama,Barley,3.21,1730.5,155.3,0.82
2018,Sidama,Sorghum,3.5,1604.5,98.1,0.66
2018,Afar,Teff,1.35,500.4,64.4,0.39
2018,Afar,Wheat,1.59,273.3,36.7,0.59
2018,Afar,Maize,1.71,512.7,66.5,0.6
2018,Afar,Barley,1.55,218.6,20.3,0.52
2018,Afar,Sorghum,1.39,443.3,31.3,0.5
2018,South Ethiopia,Teff,3.47,1432.7,143.4,0.67
2018,South Ethiopia,Wheat,3.5,1334.8,143.3,0.84
2018,South Ethiopia,Maize,3.5,1662.3,156.3,0.86
2018,South Ethiopia,Barley,3.23,1415.5,142.5,0.9
2018,South Ethiopia,Sorghum,3.5,1517.2,120.3,0.78
2018,Central Ethiopia,Teff,2.25,1226.0,70.2,0.8
2018,Central Ethiopia,Wheat,3.5,1237.9,120.6,0.98
2018,Central Ethiopia,Maize,3.5,1081.2,143.8,0.88
2018,Central Ethiopia,Barley,3.04,1140.8,84.9,0.75
2018,Central Ethiopia,Sorghum,3.5,1404.8,101.0,0.94
2018,South West Ethiopia,Teff,3.5,1707.6,151.1,0.72
2018,South West Ethiopia,Wheat,3.5,2155.4,95.2,0.79
2018,South West Ethiopia,Maize,3.5,1543.4,83.2,0.68
2018,South West Ethiopia,Barley,3.5,1434.9,164.9,0.51
2018,South West Ethiopia,Sorghum,3.5,1861.6,129.4,0.71
2019,Amhara,Teff,3.5,981.8,102.0,0.72
2019,Amhara,Wheat,2.98,858.7,69.6,0.72
2019,Amhara,Maize,3.41,997.2,69.0,0.83
2019,Amhara,Barley,3.5,1332.4,132.6,0.83
2019,Amhara,Sorghum,3.5,1156.7,76.3,0.89
2019,Oromia,Teff,2.25,720.0,157.8,0.97
2019,Oromia,Wheat,3.5,894.6,99.7,0.98
2019,Oromia,Maize,3.12,1367.1,63.0,0.96
2019,Oromia,Barley,3.5,1482.6,128.3,0.97
2019,Oromia,Sorghum,3.5,1396.2,153.2,0.82
2019,Tigray,Teff,2.31,843.2,55.4,0.79
2019,Tigray,Wheat,1.94,881.8,41.3,0.75
2019,Tigray,Maize,2.81,638.2,54.2,0.78
2019,Tigray,Barley,1.58,495.8,51.2,0.55
2019,Tigray,Sorghum,2.23,487.5,65.9,0.53
2019,Sidama,Teff,3.5,1405.2,121.3,0.79
2019,Sidama,Wheat,3.02,1027.5,150.4,0.79
2019,Sidama,Maize,3.5,1342.9,93.8,0.65
2019,Sidama,Barley,3.37,1492.7,82.3,0.89
2019,Sidama,Sorghum,3.5,1201.6,109.9,0.63
2019,Afar,Teff,1.25,334.7,61.0,0.4
2019,Afar,Wheat,1.48,539.3,45.5,0.39
2019,Afar,Maize,1.67,541.9,61.4,0.59
2019,Afar,Barley,1.06,306.3,48.5,0.34
2019,Afar,Sorghum,1.59,404.5,49.3,0.5
2019,South Ethiopia,Teff,3.5,1750.9,159.2,0.69
2019,South Ethiopia,Wheat,3.5,1670.5,106.8,0.83
2019,South Ethiopia,Maize,3.5,1825.3,151.4,0.78
2019,South Ethiopia,Barley,3.5,1494.7,92.5,0.85
2019,South Ethiopia,Sorghum,3.5,1551.1,179.2,0.61
2019,Central Ethiopia,Teff,3.5,1210.7,149.1,0.79
2019,Central Ethiopia,Wheat,3.32,1014.3,130.0,0.96
2019,Central Ethiopia,Maize,3.5,1230.7,142.6,0.98
2019,Central Ethiopia,Barley,2.29,1079.2,129.5,0.72
2019,Central Ethiopia,Sorghum,3.4,1467.0,142.0,0.89
2019,South West Ethiopia,Teff,3.5,2311.0,195.1,0.6
2019,South West Ethiopia,Wheat,3.5,2256.0,151.0,0.8
2019,South West Ethiopia,Maize,3.5,1553.7,139.1,0.68
2019,South West Ethiopia,Barley,3.5,1796.4,114.8,0.69
2019,South West Ethiopia,Sorghum,3.5,2030.5,132.3,0.71
2020,Amhara,Teff,3.18,1143.3,114.8,0.84
2020,Amhara,Wheat,3.5,1076.5,144.1,0.84
2020,Amhara,Maize,3.5,1044.9,140.7,0.78
2020,Amhara,Barley,3.06,865.6,124.4,0.86
2020,Amhara,Sorghum,2.92,859.8,135.1,0.88
2020,Oromia,Teff,1.85,999.1,98.2,0.83
2020,Oromia,Wheat,2.37,1294.9,93.3,0.76
2020,Oromia,Maize,3.5,1042.7,146.5,0.7
2020,Oromia,Barley,2.88,1286.1,65.8,0.77
2020,Oromia,Sorghum,3.07,1320.8,131.7,0.97
2020,Tigray,Teff,2.15,440.2,46.5,0.79
2020,Tigray,Wheat,2.57,621.7,85.6,0.77
2020,Tigray,Maize,2.82,647.5,64.1,0.59
2020,Tigray,Barley,1.44,603.8,78.8,0.68
2020,Tigray,Sorghum,2.88,506.2,84.8,0.79
2020,Sidama,Teff,3.5,1200.5,76.5,0.69
2020,Sidama,Wheat,3.5,1606.8,156.9,0.72
2020,Sidama,Maize,3.5,1097.5,74.3,0.83
2020,Sidama,Barley,3.5,1361.0,133.4,0.67
2020,Sidama,Sorghum,3.5,1611.3,120.2,0.81
2020,Afar,Teff,1.05,410.1,44.8,0.36
2020,Afar,Wheat,1.22,347.4,46.2,0.41
2020,Afar,Maize,1.66,341.6,28.8,0.32
2020,Afar,Barley,1.46,462.6,59.9,0.44
2020,Afar,Sorghum,1.17,259.3,34.2,0.56
2020,South Ethiopia,Teff,3.5,1436.8,166.8,0.65
2020,South Ethiopia,Wheat,3.25,1309.6,144.2,0.82
2020,South Ethiopia,Maize,3.5,1781.7,118.3,0.9
2020,South Ethiopia,Barley,3.5,1958.8,144.9,0.81
2020,South Ethiopia,Sorghum,3.5,1201.0,97.9,0.67
2020,Central Ethiopia,Teff,3.5,981.0,91.6,0.83
2020,Central Ethiopia,Wheat,2.89,1515.4,87.2,0.85
2020,Central Ethiopia,Maize,3.5,1531.6,68.0,0.73
2020,Central Ethiopia,Barley,3.5,1287.4,66.0,0.93
2020,Central Ethiopia,Sorghum,3.13,1215.9,126.4,0.99
2020,South West Ethiopia,Teff,3.5,1418.5,140.4,0.52
2020,South West Ethiopia,Wheat,3.5,2148.9,178.2,0.51
2020,South West Ethiopia,Maize,3.5,1605.8,174.2,0.75
2020,South West Ethiopia,Barley,3.5,2357.4,162.1,0.78
2020,South West Ethiopia,Sorghum,3.5,2374.1,87.0,0.52
2021,Amhara,Teff,3.5,1325.0,54.6,0.86
2021,Amhara,Wheat,3.09,908.7,80.3,0.74
2021,Amhara,Maize,3.5,1014.5,141.4,0.93
2021,Amhara,Barley,3.08,1181.9,108.1,0.92
2021,Amhara,Sorghum,3.5,1290.1,64.5,0.94
2021,Oromia,Teff,2.48,1448.1,79.3,0.93
2021,Oromia,Wheat,3.5,1055.9,129.0,0.71
2021,Oromia,Maize,3.5,1456.8,139.1,0.8
2021,Oromia,Barley,3.5,1102.8,112.2,0.91
2021,Oromia,Sorghum,2.98,1305.0,76.6,0.92
2021,Tigray,Teff,2.49,659.6,75.6,0.65
2021,Tigray,Wheat,2.01,635.4,87.6,0.71
2021,Tigray,Maize,2.84,756.0,43.6,0.76
2021,Tigray,Barley,2.73,692.1,76.2,0.74
2021,Tigray,Sorghum,1.59,559.3,41.0,0.76
2021,Sidama,Teff,3.43,1154.7,78.6,0.63
2021,Sidama,Wheat,2.94,1121.6,132.7,0.68
2021,Sidama,Maize,3.5,1493.1,99.2,0.87
2021,Sidama,Barley,3.5,1171.3,82.2,0.71
2021,Sidama,Sorghum,3.5,1190.7,73.1,0.74
2021,Afar,Teff,1.55,591.3,52.2,0.32
2021,Afar,Wheat,1.2,316.7,64.4,0.54
2021,Afar,Maize,1.62,568.2,37.7,0.38
2021,Afar,Barley,1.23,389.9,58.0,0.43
2021,Afar,Sorghum,1.78,204.0,35.6,0.54
2021,South Ethiopia,Teff,3.5,1207.0,156.7,0.63
2021,South Ethiopia,Wheat,3.5,1934.8,149.4,0.89
2021,South Ethiopia,Maize,3.5,1983.2,172.7,0.76
2021,South Ethiopia,Barley,3.5,1874.5,130.0,0.9
2021,South Ethiopia,Sorghum,3.5,1219.5,125.9,0.76
2021,Central Ethiopia,Teff,3.43,1503.8,107.5,0.8
2021,Central Ethiopia,Wheat,3.04,1078.2,119.7,0.78
2021,Central Ethiopia,Maize,3.5,1494.2,112.9,0.84
2021,Central Ethiopia,Barley,2.87,1357.5,64.5,0.75
2021,Central Ethiopia,Sorghum,3.5,1180.9,97.4,0.76
2021,South West Ethiopia,Teff,3.5,1796.7,165.2,0.77
2021,South West Ethiopia,Wheat,3.5,1781.9,86.4,0.6
2021,South West Ethiopia,Maize,3.5,1697.3,136.1,0.79
2021,South West Ethiopia,Barley,3.5,2227.9,148.6,0.68
2021,South West Ethiopia,Sorghum,3.5,1924.1,168.5,0.56
2022,Amhara,Teff,3.5,1356.4,84.1,0.82
2022,Amhara,Wheat,2.67,1380.9,94.3,0.71
2022,Amhara,Maize,3.5,1101.6,80.3,0.71
2022,Amhara,Barley,2.38,1110.4,137.5,0.89
2022,Amhara,Sorghum,3.5,1076.4,66.4,0.8
2022,Oromia,Teff,2.47,1166.4,125.8,0.92
2022,Oromia,Wheat,3.5,774.6,133.8,0.78
2022,Oromia,Maize,3.5,1127.2,150.1,0.95
2022,Oromia,Barley,3.03,1260.0,144.9,0.86
2022,Oromia,Sorghum,3.5,984.3,118.5,0.84
2022,Tigray,Teff,2.15,601.3,64.1,0.67
2022,Tigray,Wheat,1.54,832.1,54.1,0.63
2022,Tigray,Maize,1.85,678.3,72.7,0.67
2022,Tigray,Barley,1.37,715.8,60.2,0.56
2022,Tigray,Sorghum,2.49,579.4,56.3,0.74
2022,Sidama,Teff,3.5,1475.1,136.3,0.65
2022,Sidama,Wheat,3.5,1102.7,138.5,0.71
2022,Sidama,Maize,3.5,1393.6,70.5,0.6
2022,Sidama,Barley,3.5,1552.3,145.2,0.75
2022,Sidama,Sorghum,3.47,1257.9,74.2,0.78
2022,Afar,Teff,1.0,204.2,77.2,0.6
2022,Afar,Wheat,1.35,322.5,54.8,0.46
2022,Afar,Maize,1.6,591.9,39.5,0.47
2022,Afar,Barley,1.07,280.6,22.9,0.41
2022,Afar,Sorghum,2.27,595.9,39.9,0.35
2022,South Ethiopia,Teff,3.5,1400.6,140.1,0.78
2022,South Ethiopia,Wheat,3.5,1703.8,167.9,0.89
2022,South Ethiopia,Maize,3.5,1233.4,170.9,0.86
2022,South Ethiopia,Barley,3.5,1996.2,178.7,0.62
2022,South Ethiopia,Sorghum,3.5,1637.2,179.2,0.75
2022,Central Ethiopia,Teff,2.66,1408.2,82.9,0.74
2022,Central Ethiopia,Wheat,3.09,1464.3,150.0,0.97
2022,Central Ethiopia,Maize,3.5,1330.7,107.9,0.91
2022,Central Ethiopia,Barley,3.5,961.0,134.9,0.96
2022,Central Ethiopia,Sorghum,3.5,1469.5,136.7,0.88
2022,South West Ethiopia,Teff,3.5,1536.0,81.1,0.54
2022,South West Ethiopia,Wheat,3.5,1875.3,107.3,0.69
2022,South West Ethiopia,Maize,3.5,2103.8,106.6,0.79
2022,South West Ethiopia,Barley,3.5,2185.5,83.4,0.8
2022,South West Ethiopia,Sorghum,3.5,2279.0,182.2,0.64
2023,Amhara,Teff,2.96,974.8,129.7,0.87
2023,Amhara,Wheat,2.37,1180.3,95.8,0.89
2023,Amhara,Maize,3.5,1309.5,69.2,0.95
2023,Amhara,Barley,2.97,1144.1,69.1,0.93
2023,Amhara,Sorghum,3.5,1285.1,135.8,0.97
2023,Oromia,Teff,3.42,1369.2,144.8,0.79
2023,Oromia,Wheat,3.29,1107.4,78.3,0.76
2023,Oromia,Maize,3.03,882.5,76.5,0.96
2023,Oromia,Barley,3.5,1425.2,143.7,0.92
2023,Oromia,Sorghum,2.7,1152.4,132.5,0.78
2023,Tigray,Teff,1.82,541.2,62.3,0.59
2023,Tigray,Wheat,1.96,414.2,72.3,0.7
2023,Tigray,Maize,2.39,459.5,75.5,0.51
2023,Tigray,Barley,2.41,843.9,42.1,0.71
2023,Tigray,Sorghum,2.08,669.8,53.9,0.55
2023,Sidama,Teff,3.5,1003.0,166.5,0.76
2023,Sidama,Wheat,3.5,1550.0,105.7,0.65
2023,Sidama,Maize,3.5,1795.0,113.7,0.71
2023,Sidama,Barley,3.5,1737.7,119.5,0.67
2023,Sidama,Sorghum,3.5,1355.4,134.6,0.72
2023,Afar,Teff,1.45,531.8,40.2,0.53
2023,Afar,Wheat,1.52,586.7,37.1,0.57
2023,Afar,Maize,2.48,542.5,34.3,0.43
2023,Afar,Barley,1.69,207.3,73.6,0.37
2023,Afar,Sorghum,1.58,314.9,48.8,0.54
2023,South Ethiopia,Teff,3.5,1889.4,125.0,0.83
2023,South Ethiopia,Wheat,3.5,1973.1,142.3,0.77
2023,South Ethiopia,Maize,3.5,1208.0,150.9,0.86
2023,South Ethiopia,Barley,3.5,1346.5,95.8,0.9
2023,South Ethiopia,Sorghum,3.5,1304.7,141.1,0.74
2023,Central Ethiopia,Teff,3.5,1553.0,149.7,0.73
2023,Central Ethiopia,Wheat,3.36,1270.4,96.9,0.78
2023,Central Ethiopia,Maize,3.5,1405.2,103.5,0.78
2023,Central Ethiopia,Barley,3.5,1051.5,60.7,0.74
2023,Central Ethiopia,Sorghum,3.16,1368.3,128.4,1.0
2023,South West Ethiopia,Teff,3.5,1677.4,183.4,0.51
2023,South West Ethiopia,Wheat,3.5,2124.5,183.6,0.57
2023,South West Ethiopia,Maize,3.5,1569.7,81.9,0.57
2023,South West Ethiopia,Barley,3.5,1650.5,178.2,0.62
2023,South West Ethiopia,Sorghum,3.5,2286.5,137.9,0.63
